cpu_usage,network_usage,data_transfer_gb,active_hours,emission_estimate,label
22,180,7,10,4.61,1
36,87,41,5,4.87,1
63,144,12,18,5.37,1
71,112,34,10,6.07,1
59,180,20,3,6.37,1
88,91,14,16,5.16,1
45,156,50,5,6.97,1
91,88,48,18,6.89,1
56,25,29,24,3.63,1
15,161,46,8,5.97,1
10,151,3,12,3.47,0
69,93,20,13,4.93,1
45,155,6,11,4.75,1
48,94,20,19,4.32,1
45,36,37,21,3.92,1
22,107,49,9,5.25,1
62,176,3,2,5.53,1
65,117,22,4,5.39,1
74,121,28,2,6.04,1
78,51,11,12,3.91,1
66,45,41,5,4.93,1
63,135,38,22,6.49,1
52,50,3,15,2.71,0
43,85,13,15,3.64,1
55,190,9,8,5.9,1
78,108,40,24,6.5,1
18,100,26,4,3.84,1
27,35,23,5,2.66,0
57,41,7,15,2.88,0
31,190,26,18,6.03,1
74,165,15,1,6.27,1
85,199,8,6,6.93,1
10,83,8,24,2.36,0
28,87,9,23,3.03,0
9,128,39,5,4.78,1
82,200,48,22,8.86,1
10,111,23,15,3.67,1
89,157,49,24,8.26,1
67,131,23,9,5.78,1
93,102,13,16,5.48,1
75,43,21,4,4.16,1
50,49,36,18,4.28,1
38,31,47,5,4.11,1
50,144,15,20,5.13,1
76,184,12,17,6.56,1
72,32,14,10,3.5,0
71,20,39,24,4.48,1
86,199,13,8,7.21,1
19,51,44,15,3.79,1
80,198,10,17,6.86,1
85,174,16,23,6.83,1
38,80,30,5,4.24,1
67,66,36,20,5.13,1
83,127,17,1,5.88,1
11,100,12,24,2.93,0
63,84,41,23,5.62,1
27,152,38,18,5.75,1
76,162,37,14,7.37,1
74,192,1,6,6.11,1
39,186,11,10,5.44,1
15,58,10,24,2.11,0
17,178,16,10,4.87,1
67,63,15,3,4.02,1
70,116,4,17,4.62,1
53,89,8,8,3.77,1
15,178,46,17,6.31,1
42,128,29,19,5.27,1
9,193,7,15,4.48,1
22,86,20,10,3.38,0
58,104,10,5,4.32,1
8,36,40,1,2.96,0
66,116,31,9,5.85,1
61,131,32,18,6.05,1
89,27,1,20,3.26,0
19,161,41,8,5.84,1
18,61,7,1,2.11,0
20,66,30,2,3.42,0
40,181,33,24,6.47,1
16,146,18,3,4.3,1
26,94,48,20,5.06,1
44,163,49,9,7.03,1
37,22,27,7,2.9,0
38,147,35,3,5.83,1
41,146,22,11,5.25,1
25,53,37,4,3.66,1
81,147,3,16,5.52,1
69,71,29,16,4.94,1
48,152,42,9,6.58,1
51,200,26,13,6.83,1
8,30,16,10,1.64,0
91,77,8,4,4.67,1
21,70,11,3,2.58,0
78,130,1,19,4.99,1
90,134,7,7,5.73,1
89,189,38,20,8.35,1
75,88,37,13,5.86,1
49,72,33,5,4.56,1
45,158,17,17,5.36,1
84,29,1,11,3.15,0
89,174,25,12,7.4,1
38,186,16,1,5.66,1
86,74,33,3,5.71,1
68,135,30,1,6.24,1
5,111,47,15,4.72,1
12,192,8,13,4.6,1
40,70,27,15,3.95,1
69,177,10,22,6.11,1
17,199,42,4,6.59,1
71,153,36,3,6.99,1
9,120,12,7,3.27,0
34,138,9,13,4.23,1
23,82,13,10,2.98,0
10,194,36,5,5.98,1
55,190,43,11,7.6,1
82,157,35,1,7.35,1
59,132,48,16,6.81,1
52,29,32,17,3.74,1
91,77,38,11,6.17,1
89,36,24,3,4.59,1
13,56,21,7,2.56,0
82,102,37,13,6.35,1
81,69,45,12,6.06,1
48,155,35,7,6.29,1
14,183,35,3,5.83,1
26,110,18,7,3.88,1
74,45,7,8,3.47,0
65,51,29,12,4.42,1
18,122,48,10,5.38,1
23,101,42,21,4.81,1
62,136,50,7,7.08,1
64,163,23,23,6.33,1
84,106,36,13,6.44,1
10,85,23,7,3.15,0
30,129,28,3,4.88,1
85,33,39,19,5.16,1
24,70,29,10,3.57,1
90,85,34,19,6.1,1
77,141,11,18,5.68,1
63,171,17,17,6.16,1
24,130,8,15,3.72,1
46,119,21,24,4.81,1
52,167,3,18,5.05,1
84,167,2,3,5.96,1
50,142,24,24,5.54,1
41,156,14,4,5.05,1
10,175,8,11,4.2,1
19,188,34,7,6.03,1
65,158,24,3,6.31,1
29,81,24,8,3.69,1
36,200,33,20,6.73,1
88,40,10,13,3.94,1
86,150,21,14,6.63,1
38,30,32,7,3.34,0
74,32,12,10,3.46,0
47,171,36,11,6.63,1
55,34,5,4,2.58,0
19,156,19,19,4.64,1
44,159,7,4,4.85,1
62,67,50,7,5.7,1
17,93,19,4,3.32,0
12,149,13,10,3.99,1
68,58,4,1,3.4,0
56,103,17,22,4.59,1
31,157,20,24,5.07,1
46,52,41,1,4.47,1
34,95,33,14,4.57,1
60,191,11,14,6.17,1
95,23,40,15,5.31,1
59,98,50,11,6.23,1
81,147,21,13,6.42,1
29,65,31,20,3.72,1
46,137,39,16,6.07,1
45,104,35,14,5.18,1
47,27,36,4,3.75,1
94,116,18,16,6.04,1
50,110,14,10,4.4,1
8,114,42,6,4.62,1
87,106,45,15,6.98,1
79,93,32,12,5.83,1
91,36,12,17,4.05,1
91,44,1,10,3.66,1
79,24,41,14,4.9,1
78,181,2,14,6.06,1
62,35,47,12,4.91,1
9,142,19,10,4.06,1
67,98,50,23,6.47,1
88,46,7,4,3.91,1
69,125,47,14,6.92,1
95,120,16,8,6.05,1
47,21,41,16,3.88,1
85,102,36,13,6.39,1
58,171,4,4,5.36,1
47,195,17,11,6.16,1
61,54,10,12,3.41,0
80,25,32,6,4.5,1
6,151,20,18,4.2,1
51,160,14,17,5.43,1
31,102,35,7,4.72,1
67,179,36,4,7.39,1
64,35,33,3,4.27,1
66,151,39,6,6.95,1
47,41,8,4,2.63,0
88,43,47,5,5.85,1
30,169,18,4,5.18,1
81,132,39,19,7.02,1
38,168,29,8,5.95,1
68,69,2,15,3.52,1
67,55,42,6,5.21,1
39,172,22,9,5.71,1
72,156,38,9,7.18,1
68,48,30,23,4.5,1
78,81,48,22,6.36,1
21,67,13,4,2.62,0
54,38,35,24,4.13,1
48,24,36,8,3.72,1
41,193,40,6,7.09,1
75,32,2,24,2.99,0
51,111,12,21,4.35,1
69,26,44,8,4.79,1
24,147,9,20,4.11,1
26,80,31,7,3.93,1
50,174,21,5,6.03,1
78,27,19,14,3.83,1
57,112,46,2,6.25,1
75,89,13,20,4.68,1
75,125,37,17,6.6,1
6,135,30,6,4.38,1
28,157,7,24,4.33,1
30,181,18,11,5.42,1
86,51,43,16,5.75,1
66,195,33,21,7.53,1
29,151,29,22,5.34,1
68,41,49,17,5.31,1
21,71,37,21,3.9,1
5,166,46,9,5.77,1
60,159,5,1,5.23,1
26,135,15,1,4.23,1
13,105,16,7,3.29,0
40,66,29,24,3.97,1
5,123,18,15,3.51,1
30,131,33,19,5.17,1
68,52,19,1,4.03,1
11,65,6,6,1.93,0
6,94,34,17,3.76,1
15,169,12,19,4.43,1
50,52,29,18,3.99,1
41,132,37,6,5.72,1
85,90,40,15,6.35,1
15,111,28,18,4.07,1
5,102,36,17,3.99,1
33,161,45,13,6.46,1
14,96,44,18,4.54,1
65,126,3,20,4.62,1
36,39,16,24,2.66,0
22,118,21,7,4.07,1
49,99,34,19,5.15,1
50,148,43,6,6.61,1
81,166,28,19,7.15,1
35,172,11,15,5.04,1
53,131,24,5,5.41,1
87,112,6,21,5.15,1
67,156,28,17,6.53,1
78,24,23,23,3.97,1
71,183,38,13,7.69,1
20,151,25,21,4.87,1
50,69,42,11,4.98,1
46,102,48,18,5.82,1
79,184,5,19,6.3,1
8,181,18,5,4.76,1
60,129,22,2,5.48,1
17,71,21,6,2.98,0
7,23,32,10,2.27,0
88,45,42,3,5.64,1
39,130,29,8,5.22,1
48,21,38,21,3.76,1
41,113,14,13,4.19,1
84,51,9,8,3.99,1
34,170,29,9,5.87,1
69,125,11,21,5.12,1
63,148,35,21,6.6,1
44,43,1,16,2.23,0
87,75,43,14,6.26,1
10,160,37,6,5.35,1
61,165,4,13,5.33,1
68,151,49,17,7.51,1
13,78,50,8,4.45,1
91,141,13,1,6.2,1
35,94,45,17,5.18,1
9,53,45,23,3.58,1
85,36,47,23,5.62,1
8,74,17,17,2.57,0
45,91,25,22,4.42,1
43,137,46,2,6.33,1
41,130,18,21,4.73,1
46,44,9,10,2.71,0
15,156,13,14,4.22,1
17,101,8,12,2.93,0
24,177,49,19,6.71,1
82,132,3,16,5.25,1
36,33,45,3,3.99,1
66,126,20,19,5.5,1
48,109,6,17,3.92,1
13,40,11,6,1.74,0
16,162,11,2,4.27,1
6,81,39,21,3.75,1
44,60,24,16,3.72,1
84,160,27,13,7.07,1
53,133,32,14,5.85,1
80,171,9,6,6.27,1
62,194,14,10,6.44,1
61,50,42,11,4.93,1
56,123,38,9,6.04,1
91,142,43,13,7.72,1
65,29,45,5,4.78,1
73,48,8,8,3.55,1
58,91,50,10,6.06,1
30,134,33,23,5.23,1
83,120,5,10,5.14,1
80,200,37,1,8.25,1
25,174,18,23,5.13,1
27,106,49,12,5.38,1
70,149,39,24,7.03,1
57,131,50,14,6.83,1
60,180,36,11,7.2,1
57,68,45,14,5.32,1
52,94,46,15,5.74,1
74,109,19,16,5.35,1
50,133,26,21,5.46,1
60,127,7,16,4.69,1
54,116,24,11,5.14,1
56,80,42,3,5.38,1
12,122,2,19,2.9,0
48,72,3,17,3.03,0
22,152,21,12,4.75,1
42,38,35,13,3.77,1
60,179,46,13,7.68,1
58,188,38,16,7.4,1
75,26,19,7,3.72,1
15,187,22,20,5.29,1
28,193,27,2,6.05,1
21,96,3,6,2.7,0
6,29,33,15,2.41,0
54,64,11,12,3.45,0
60,200,47,6,8.15,1
11,104,40,4,4.41,1
7,85,45,18,4.16,1
8,102,13,10,2.93,0
56,95,17,13,4.43,1
90,64,16,22,4.78,1
84,184,35,19,7.95,1
81,97,37,3,6.22,1
78,184,6,6,6.32,1
37,28,20,17,2.67,0
32,162,27,11,5.55,1
30,93,39,15,4.71,1
7,160,1,23,3.46,0
30,77,45,23,4.69,1
89,107,37,17,6.66,1
46,87,26,24,4.42,1
93,83,26,6,5.75,1
47,121,5,9,4.08,1
83,155,19,24,6.54,1
80,134,35,17,6.83,1
72,190,34,8,7.66,1
22,29,28,21,2.64,0
9,114,48,18,4.95,1
52,116,8,2,4.28,1
77,147,2,24,5.35,1
43,36,30,5,3.51,1
39,140,43,24,6.12,1
53,186,16,4,6.11,1
88,75,33,3,5.79,1
91,114,46,6,7.31,1
29,48,45,10,4.08,1
14,27,43,15,3.11,0
60,75,1,18,3.35,0
44,177,40,8,6.86,1
91,183,26,19,7.69,1
45,32,19,5,2.94,0
93,185,11,24,7.04,1
69,39,39,20,4.8,1
38,121,10,17,4.06,1
64,131,15,4,5.29,1
50,103,44,4,5.76,1
80,174,41,3,7.93,1
21,88,21,3,3.44,0
90,172,35,9,7.89,1
52,136,2,24,4.38,1
32,124,38,17,5.34,1
28,104,21,21,3.97,1
74,176,5,15,5.99,1
78,186,27,15,7.41,1
68,55,48,1,5.54,1
21,146,33,6,5.2,1
68,194,46,5,8.22,1
25,66,25,14,3.32,0
81,43,39,9,5.24,1
69,48,2,12,3.13,0
33,29,15,1,2.32,0
93,116,47,5,7.46,1
26,170,27,4,5.53,1
19,186,14,9,4.99,1
73,125,9,12,5.14,1
58,173,5,8,5.45,1
52,115,9,22,4.31,1
76,153,35,17,7.09,1
20,45,48,18,3.9,1
29,64,19,4,3.1,0
9,20,8,18,1.07,0
9,113,23,6,3.68,1
69,88,13,15,4.48,1
27,37,33,16,3.2,0
62,92,45,4,5.95,1
95,126,4,6,5.57,1
16,113,39,18,4.69,1
32,147,17,12,4.75,1
38,57,36,24,4.08,1
63,198,34,24,7.55,1
46,102,35,17,5.17,1
33,140,24,15,4.99,1
12,190,42,24,6.26,1
95,89,8,23,5.03,1
77,56,48,15,5.83,1
53,157,1,4,4.78,1
88,163,48,20,8.3,1
94,79,32,1,6.0,1
88,48,32,10,5.2,1
92,53,16,1,4.62,1
52,88,21,13,4.37,1
57,88,27,22,4.82,1
84,159,20,3,6.7,1
69,199,48,1,8.45,1
35,98,12,17,3.61,1
91,25,23,17,4.38,1
88,139,44,10,7.62,1
9,124,40,9,4.75,1
61,139,39,10,6.56,1
95,49,3,19,3.98,1
21,164,46,17,6.21,1
88,149,17,24,6.47,1
31,83,48,15,4.99,1
74,60,13,14,4.07,1
86,147,34,10,7.22,1
87,61,37,22,5.68,1
39,48,19,22,3.08,0
31,118,29,22,4.74,1
29,194,31,18,6.3,1
93,102,27,15,6.18,1
75,57,13,22,4.04,1
38,187,29,3,6.33,1
51,143,41,17,6.44,1
89,193,21,20,7.58,1
6,163,8,10,3.84,1
55,54,26,7,4.03,1
29,39,11,12,2.2,0
93,76,49,7,6.76,1
57,157,2,13,4.95,1
82,110,38,17,6.56,1
39,163,8,11,4.83,1
73,159,27,7,6.72,1
16,26,13,3,1.65,0
45,133,28,9,5.41,1
80,100,24,13,5.6,1
18,145,37,12,5.29,1
26,185,34,21,6.18,1
16,192,25,15,5.57,1
69,136,40,18,6.79,1
72,143,42,1,7.12,1
28,76,12,17,2.96,0
26,43,7,22,1.99,0
37,35,15,1,2.56,0
12,34,49,11,3.49,0
24,115,22,14,4.12,1
84,119,7,24,5.25,1
65,62,12,2,3.79,1
17,96,35,8,4.18,1
67,150,13,3,5.66,1
70,116,37,4,6.27,1
68,164,10,11,5.82,1
60,156,40,24,6.92,1
27,21,31,4,2.78,0
76,117,15,19,5.37,1
58,65,11,23,3.59,1
33,28,34,20,3.25,0
38,175,45,2,6.89,1
36,113,33,10,4.99,1
48,94,30,9,4.82,1
74,165,25,9,6.77,1
14,34,27,7,2.45,0
8,94,33,19,3.77,1
14,99,8,14,2.8,0
83,132,19,5,6.08,1
18,85,43,22,4.39,1
15,168,35,4,5.56,1
71,72,1,4,3.62,1
50,146,47,13,6.77,1
78,129,37,13,6.77,1
61,39,14,11,3.31,0
60,48,15,18,3.51,1
13,89,44,18,4.37,1
52,76,48,2,5.48,1
50,151,8,3,4.92,1
82,60,5,16,3.91,1
30,101,49,18,5.37,1
74,91,33,7,5.69,1
84,184,40,12,8.2,1
52,121,21,1,5.03,1
92,95,15,10,5.41,1
31,165,46,17,6.53,1
42,183,11,16,5.47,1
46,46,44,19,4.5,1
62,84,44,16,5.74,1
5,127,17,13,3.54,1
11,147,18,5,4.17,1
57,135,23,5,5.56,1
78,100,39,14,6.29,1
57,157,39,7,6.8,1
14,173,16,24,4.68,1
88,84,23,21,5.47,1
93,131,26,19,6.71,1
54,118,18,15,4.88,1
28,181,13,11,5.11,1
63,117,5,2,4.48,1
83,167,4,9,6.03,1
27,24,31,1,2.84,0
57,68,48,4,5.47,1
78,66,8,16,4.06,1
62,103,1,18,3.97,1
42,157,12,3,5.0,1
37,86,31,3,4.38,1
24,118,29,14,4.53,1
56,29,50,15,4.76,1
28,167,37,16,6.03,1
87,40,31,10,4.96,1
30,100,29,13,4.35,1
93,98,25,12,6.0,1
43,189,10,4,5.57,1
80,125,21,14,5.95,1
67,107,33,1,5.8,1
92,174,42,1,8.34,1
62,35,20,17,3.56,1
89,27,2,4,3.31,0
51,194,37,24,7.26,1
89,131,11,18,5.84,1
77,71,12,23,4.33,1
89,49,42,15,5.75,1
68,138,2,18,4.9,1
83,35,45,18,5.44,1
19,35,44,9,3.47,0
18,76,50,16,4.56,1
58,44,50,5,5.12,1
21,103,25,10,3.94,1
88,36,1,12,3.41,0
9,27,39,1,2.76,0
7,107,39,16,4.3,1
52,192,46,24,7.7,1
89,146,8,7,5.99,1
75,145,5,16,5.4,1
20,171,24,9,5.22,1
8,83,31,3,3.45,0
79,78,49,8,6.38,1
57,153,30,19,6.27,1
11,32,10,10,1.47,0
31,140,27,11,5.08,1
75,44,13,23,3.78,1
52,113,19,23,4.77,1
77,96,19,1,5.18,1
45,56,12,23,3.07,0
75,121,13,13,5.32,1
15,62,47,3,4.04,1
78,93,2,20,4.3,1
80,150,36,18,7.2,1
70,115,6,22,4.7,1
25,107,6,19,3.19,0
65,53,9,23,3.46,0
11,119,18,24,3.61,1
13,175,13,15,4.54,1
46,109,14,19,4.26,1
73,194,39,2,8.02,1
36,23,45,24,3.79,1
59,113,17,5,4.88,1
26,22,44,21,3.42,0
22,94,47,24,4.89,1
46,136,22,1,5.2,1
23,144,46,21,5.87,1
91,199,26,20,8.01,1
17,150,22,20,4.61,1
49,117,43,12,5.96,1
56,147,44,8,6.82,1
39,54,25,10,3.5,0
46,87,31,21,4.67,1
63,88,21,14,4.7,1
31,30,24,14,2.73,0
79,185,22,11,7.17,1
87,108,50,11,7.27,1
61,173,34,14,6.99,1
95,54,17,6,4.78,1
39,25,35,12,3.42,0
34,107,5,18,3.41,0
65,27,38,2,4.39,1
81,166,19,13,6.7,1
47,200,11,10,5.96,1
10,138,36,1,4.86,1
14,41,11,10,1.79,0
61,101,14,22,4.55,1
14,35,20,11,2.12,0
82,142,28,10,6.7,1
9,111,22,20,3.59,1
82,129,23,24,6.19,1
68,113,11,16,4.85,1
70,96,19,11,4.97,1
95,193,30,20,8.21,1
48,132,34,17,5.78,1
83,185,5,13,6.44,1
10,65,22,7,2.7,0
75,54,15,2,4.08,1
11,62,19,22,2.52,0
74,61,22,23,4.54,1
9,86,44,8,4.19,1
59,85,9,11,3.92,1
34,111,5,12,3.49,0
63,160,45,9,7.34,1
5,161,27,17,4.72,1
89,129,10,3,5.75,1
51,178,26,2,6.39,1
48,115,16,22,4.54,1
61,160,42,16,7.13,1
86,121,15,4,5.75,1
91,85,16,3,5.23,1
74,121,32,1,6.24,1
84,180,30,8,7.62,1
87,159,1,10,5.84,1
94,53,43,9,6.03,1
53,89,9,23,3.82,1
80,137,30,20,6.64,1
52,134,37,13,6.09,1
22,129,24,17,4.44,1
77,192,21,19,7.2,1
82,96,19,1,5.33,1
33,154,11,8,4.62,1
64,38,50,9,5.18,1
31,174,39,9,6.36,1
18,145,2,6,3.54,1
7,129,30,15,4.29,1
24,189,32,8,6.1,1
68,170,10,7,5.94,1
19,180,14,4,4.87,1
13,88,37,22,4.0,1
58,39,2,18,2.62,0
44,20,19,22,2.67,0
60,137,10,20,5.04,1
81,22,14,7,3.57,1
59,47,7,7,3.06,0
57,183,10,24,5.87,1
50,103,34,8,5.26,1
30,71,5,13,2.57,0
43,192,24,9,6.33,1
41,125,40,10,5.73,1
8,122,36,2,4.48,1
9,100,35,14,4.02,1
41,160,24,16,5.63,1
77,94,40,6,6.19,1
14,40,7,9,1.57,0
29,79,43,24,4.6,1
44,158,23,7,5.63,1
6,153,30,3,4.74,1
33,111,47,10,5.56,1
61,151,34,13,6.55,1
55,159,16,19,5.63,1
20,103,30,5,4.16,1
85,73,44,10,6.21,1
84,114,24,19,6.0,1
32,80,22,6,3.66,1
55,141,34,13,6.17,1
77,95,43,3,6.36,1
8,104,12,22,2.92,0
26,76,8,23,2.7,0
91,53,39,4,5.74,1
79,76,17,16,4.74,1
8,86,44,8,4.16,1
42,82,13,8,3.55,1
87,148,33,4,7.22,1
57,175,36,19,7.01,1
88,95,28,20,5.94,1
64,65,46,23,5.52,1
29,99,8,8,3.25,0
59,20,1,17,2.22,0
45,91,26,19,4.47,1
60,113,31,12,5.61,1
79,158,1,10,5.58,1
84,141,40,4,7.34,1
70,40,4,15,3.1,0
34,138,12,16,4.38,1
92,20,13,10,3.81,1
58,133,13,13,5.05,1
77,168,45,23,7.92,1
70,29,33,9,4.33,1
11,127,29,19,4.32,1
21,162,47,18,6.22,1
35,145,36,20,5.75,1
60,35,22,16,3.6,1
95,112,13,10,5.74,1
36,98,14,24,3.74,1
16,71,35,3,3.65,1
13,151,48,4,5.81,1
5,47,42,13,3.19,0
18,122,31,14,4.53,1
94,100,44,9,7.02,1
58,26,46,16,4.56,1
73,147,14,18,5.83,1
76,126,45,23,7.05,1
85,97,17,20,5.34,1
86,189,46,13,8.66,1
75,29,1,17,2.88,0
19,56,24,17,2.89,0
14,129,32,1,4.6,1
13,75,39,9,3.84,1
35,137,19,10,4.74,1
18,125,48,18,5.44,1
38,123,32,18,5.2,1
34,145,2,3,4.02,1
75,110,17,20,5.3,1
64,97,50,21,6.36,1
44,37,34,13,3.76,1
63,106,18,2,4.91,1
81,157,4,17,5.77,1
91,128,17,5,6.14,1
32,87,40,9,4.7,1
89,113,44,15,7.13,1
73,113,43,15,6.6,1
81,34,3,12,3.26,0
36,137,30,12,5.32,1
78,147,36,4,7.08,1
56,39,10,7,2.96,0
28,155,49,6,6.39,1
60,55,26,15,4.2,1
59,160,49,6,7.42,1
48,33,42,12,4.2,1
84,35,22,8,4.32,1
27,35,18,10,2.41,0
23,177,42,6,6.33,1
49,104,10,13,4.05,1
52,83,36,13,5.02,1
70,120,44,15,6.7,1
54,100,43,13,5.77,1
26,81,2,19,2.5,0
20,113,37,1,4.71,1
63,91,40,16,5.71,1
74,90,16,6,4.82,1
73,172,29,8,7.08,1
87,179,30,1,7.69,1
90,34,43,13,5.53,1
26,153,45,21,6.09,1
25,192,39,11,6.54,1
13,60,44,2,3.79,1
71,28,44,3,4.89,1
46,146,39,12,6.25,1
41,171,12,24,5.25,1
29,63,9,13,2.58,0
14,75,43,9,4.07,1
95,78,24,24,5.61,1
83,126,48,2,7.41,1
79,165,9,21,6.12,1
30,176,40,11,6.42,1
9,101,25,23,3.54,1
91,152,34,15,7.47,1
75,64,50,21,6.03,1
63,92,47,16,6.08,1
15,167,36,7,5.59,1
50,148,5,5,4.71,1
66,154,7,8,5.41,1
41,35,37,5,3.78,1
75,102,23,6,5.44,1
29,84,17,2,3.4,0
51,20,32,5,3.53,1
47,98,38,20,5.27,1
76,137,13,24,5.67,1
20,72,26,2,3.34,0
89,54,20,5,4.75,1
88,156,36,17,7.56,1
81,108,19,12,5.54,1
73,186,6,21,6.21,1
80,133,28,18,6.46,1
63,114,30,10,5.67,1
42,52,45,4,4.55,1
10,146,39,8,5.17,1
73,23,30,15,4.15,1
7,155,22,1,4.41,1
23,104,34,11,4.47,1
85,166,5,12,6.12,1
44,134,31,7,5.55,1
13,27,44,11,3.13,0
51,82,19,20,4.12,1
92,155,35,21,7.61,1
23,35,26,19,2.69,0
8,177,9,10,4.23,1
90,33,4,12,3.56,1
5,175,33,12,5.3,1
40,54,11,6,2.83,0
37,72,2,22,2.65,0
52,188,47,16,7.67,1
19,143,23,8,4.58,1
74,127,2,9,4.86,1
27,44,7,18,2.04,0
74,192,7,12,6.41,1
20,194,29,23,5.93,1
75,183,5,7,6.16,1
26,168,5,21,4.39,1
8,117,49,2,5.03,1
50,147,45,22,6.69,1
39,186,5,9,5.14,1
88,89,38,5,6.32,1
27,163,18,17,4.97,1
52,190,6,12,5.66,1
70,47,29,2,4.49,1
35,151,43,23,6.22,1
92,58,25,14,5.17,1
30,56,41,19,4.07,1
65,98,36,3,5.71,1
45,125,17,1,4.7,1
75,86,23,8,5.12,1
53,148,25,20,5.8,1
38,191,35,7,6.71,1
50,97,18,6,4.34,1
84,99,33,20,6.15,1
8,186,5,12,4.21,1
17,20,13,21,1.56,0
31,57,28,4,3.47,0
5,38,15,17,1.66,0
38,105,40,16,5.24,1
35,121,30,24,4.97,1
41,173,17,19,5.54,1
76,55,34,10,5.08,1
78,106,40,10,6.46,1
5,147,37,4,4.94,1
66,99,40,19,5.96,1
5,173,6,21,3.91,1
48,178,43,22,7.15,1
32,200,42,3,7.06,1
24,72,16,2,2.96,0
70,75,34,7,5.3,1
76,82,3,18,4.07,1
79,81,46,4,6.29,1
52,58,2,19,2.82,0
87,193,6,5,6.77,1
31,179,24,24,5.71,1
31,25,6,7,1.73,0
87,100,35,11,6.36,1
27,67,33,5,3.8,1
81,189,11,9,6.76,1
69,115,18,9,5.27,1
31,122,22,10,4.47,1
62,143,33,20,6.37,1
15,122,17,10,3.74,1
34,143,29,18,5.33,1
74,123,29,15,6.13,1
5,179,8,12,4.13,1
60,114,28,8,5.48,1
21,29,36,7,3.01,0
78,180,41,18,7.99,1
5,168,42,17,5.61,1
29,67,50,16,4.71,1
79,184,24,21,7.25,1
69,180,28,22,7.07,1
72,183,3,10,5.97,1
85,186,21,1,7.32,1
88,72,28,22,5.48,1
81,183,20,21,7.09,1
62,121,42,6,6.38,1
28,20,19,18,2.19,0
23,107,35,1,4.58,1
93,190,30,9,8.09,1
52,53,1,9,2.67,0
49,158,39,16,6.58,1
55,36,13,16,3.02,0
89,193,48,15,8.93,1
69,83,27,2,5.08,1
19,86,34,16,3.99,1
6,118,13,24,3.19,0
87,97,5,11,4.8,1
8,22,28,23,2.08,0
66,61,32,7,4.8,1
48,115,44,16,5.94,1
52,37,30,18,3.8,1
90,143,44,17,7.76,1
70,61,8,10,3.72,1
71,199,12,21,6.71,1
67,135,45,19,6.96,1
31,129,16,18,4.31,1
83,46,17,1,4.26,1
75,196,50,21,8.67,1
70,168,49,23,7.91,1
44,142,15,5,4.91,1
84,134,36,19,7.0,1
56,123,14,5,4.84,1
19,176,32,6,5.69,1
26,120,28,23,4.58,1
33,82,14,2,3.33,0
67,121,20,7,5.43,1
87,142,49,19,7.9,1
35,107,13,17,3.84,1
8,162,32,15,5.08,1
83,24,13,19,3.62,1
46,158,15,4,5.29,1
78,133,12,5,5.6,1
27,136,22,6,4.63,1
5,62,30,3,2.89,0
78,88,31,15,5.65,1
32,31,39,11,3.53,1
15,128,36,14,4.81,1
73,132,20,24,5.83,1
46,186,39,3,7.05,1
7,37,31,23,2.5,0
19,128,6,20,3.43,0
19,89,49,5,4.8,1
75,184,11,5,6.48,1
67,178,39,23,7.52,1
58,45,3,19,2.79,0
14,184,9,8,4.55,1
88,166,4,20,6.16,1
74,108,25,20,5.63,1
78,180,24,11,7.14,1
68,24,11,17,3.07,0
32,173,21,10,5.47,1
22,172,50,20,6.6,1
54,110,37,4,5.67,1
62,172,22,23,6.4,1
64,46,29,4,4.29,1
52,200,1,2,5.61,1
57,88,3,8,3.62,1
95,44,14,1,4.43,1
56,24,25,19,3.41,0
17,171,33,21,5.58,1
50,45,45,4,4.65,1
16,26,9,17,1.45,0
74,115,49,24,6.97,1
33,196,14,9,5.61,1
85,31,34,9,4.87,1
63,129,39,1,6.42,1
73,142,31,4,6.58,1
44,130,40,11,5.92,1
42,137,34,7,5.7,1
72,178,30,24,7.22,1
22,76,11,6,2.73,0
45,182,41,12,7.04,1
40,99,41,9,5.23,1
66,83,23,10,4.79,1
14,104,35,3,4.25,1
62,56,19,16,3.93,1
47,177,20,13,5.95,1
12,66,28,20,3.08,0
55,24,16,7,2.93,0
22,95,44,15,4.76,1
37,150,38,23,6.01,1
24,145,6,23,3.92,1
70,27,39,24,4.59,1
53,110,20,18,4.79,1
71,137,26,21,6.17,1
75,20,43,21,4.8,1
79,190,18,19,7.07,1
32,129,6,15,3.84,1
47,41,18,16,3.13,0
8,80,16,16,2.64,0
15,83,43,21,4.26,1
25,124,37,24,5.08,1
42,147,10,19,4.7,1
81,129,33,6,6.66,1
80,199,15,13,7.13,1
35,70,16,12,3.25,0
83,102,21,4,5.58,1
90,171,35,18,7.87,1
13,42,25,11,2.48,0
10,140,41,2,5.15,1
9,126,34,6,4.49,1
6,177,40,17,5.72,1
14,54,33,4,3.15,0
72,157,37,9,7.15,1
49,142,49,6,6.76,1
51,21,12,3,2.55,0
93,36,45,6,5.76,1
86,145,46,19,7.78,1
92,63,2,1,4.12,1
23,33,45,14,3.6,1
79,34,18,19,3.95,1
19,54,15,19,2.4,0
91,160,31,16,7.48,1
77,65,18,8,4.51,1
58,170,34,9,6.84,1
20,81,45,6,4.47,1
43,50,16,21,3.09,0
7,117,48,8,4.95,1
76,149,19,17,6.21,1
70,198,30,11,7.56,1
43,47,21,3,3.28,0
89,91,39,11,6.44,1
36,74,39,9,4.51,1
65,136,26,4,5.97,1
61,186,27,5,6.9,1
45,172,3,3,4.94,1
74,135,39,19,6.87,1
76,170,21,3,6.73,1
38,195,10,1,5.54,1
12,79,46,9,4.24,1
92,68,32,24,5.72,1
6,141,15,15,3.75,1
67,30,13,19,3.26,0
5,109,13,4,2.98,0
86,152,23,15,6.77,1
8,150,8,16,3.64,1
67,61,41,24,5.28,1
44,172,14,20,5.46,1
45,154,28,16,5.83,1
85,198,11,1,7.06,1
59,37,2,13,2.61,0
87,62,47,11,6.2,1
24,45,50,1,4.12,1
51,79,16,9,3.91,1
39,136,30,10,5.39,1
30,27,35,5,3.19,0
76,200,12,12,6.88,1
24,102,50,23,5.26,1
86,143,47,6,7.79,1
76,160,23,5,6.63,1
18,135,50,10,5.74,1
8,153,19,2,4.25,1
26,94,9,7,3.11,0
82,114,22,24,5.84,1
37,71,28,6,3.93,1
33,156,41,16,6.16,1
59,130,32,13,5.97,1
44,198,24,10,6.48,1
85,51,35,13,5.32,1
59,100,22,6,4.87,1
60,181,19,11,6.37,1
86,99,34,17,6.26,1
74,29,33,22,4.45,1
40,185,25,4,6.15,1
73,83,33,20,5.5,1
95,48,28,5,5.21,1
58,144,11,23,5.17,1
62,60,26,20,4.36,1
33,91,33,14,4.46,1
48,32,50,4,4.58,1
73,196,12,17,6.71,1
56,173,25,7,6.39,1
39,153,1,21,4.28,1
73,148,10,2,5.65,1
57,182,30,9,6.85,1
63,109,9,2,4.52,1
95,126,30,3,6.87,1
51,69,39,18,4.86,1
10,35,17,24,1.85,0
60,46,14,5,3.42,0
16,53,9,11,1.99,0
36,62,40,24,4.32,1
23,53,38,21,3.65,1
52,54,22,4,3.74,1
88,99,10,5,5.12,1
48,141,14,11,4.96,1
23,77,41,11,4.28,1
87,71,23,7,5.18,1
71,137,36,22,6.67,1
42,59,39,1,4.39,1
28,30,1,20,1.49,0
55,157,18,3,5.69,1
79,21,50,3,5.29,1
82,89,31,22,5.79,1
85,87,9,18,4.74,1
78,56,2,12,3.56,1
80,144,3,17,5.43,1
23,32,19,12,2.28,0
46,178,46,14,7.24,1
50,121,16,19,4.72,1
61,37,10,14,3.07,0
33,48,41,3,4.0,1
80,86,48,9,6.52,1
18,132,1,24,3.23,0
47,79,31,13,4.54,1
45,98,37,1,5.16,1
25,90,10,12,3.05,0
44,155,3,4,4.57,1
25,28,20,22,2.31,0
34,46,40,24,3.94,1
10,57,40,16,3.44,0
90,139,3,5,5.63,1
62,86,36,9,5.38,1
41,88,36,21,4.79,1
20,161,46,23,6.12,1
53,98,35,20,5.3,1
43,74,38,12,4.67,1
75,184,27,5,7.28,1
59,187,9,22,5.96,1
75,99,9,1,4.68,1
46,139,28,7,5.56,1
13,70,18,20,2.69,0
45,33,31,9,3.56,1
90,110,5,9,5.15,1
21,194,23,7,5.66,1
91,48,31,19,5.24,1
90,62,23,10,5.09,1
57,131,22,9,5.43,1
26,109,1,21,3.01,0
5,56,21,17,2.32,0
36,83,27,7,4.09,1
93,167,10,4,6.63,1
87,76,23,3,5.28,1
11,64,13,11,2.26,0
42,101,5,19,3.53,1
43,140,10,20,4.59,1
85,32,29,23,4.64,1
47,137,40,10,6.15,1
45,199,47,12,7.68,1
61,56,4,19,3.15,0
36,82,32,16,4.32,1
51,48,37,19,4.34,1
89,52,3,8,3.86,1
65,149,28,12,6.33,1
9,46,40,11,3.19,0
43,186,49,14,7.46,1
73,47,23,10,4.28,1
38,96,44,20,5.26,1
67,48,13,20,3.62,1
44,116,38,24,5.54,1
37,173,10,12,5.07,1
73,43,32,12,4.65,1
9,132,24,12,4.11,1
83,37,31,3,4.78,1
37,149,7,9,4.44,1
34,91,31,8,4.39,1
25,127,35,3,5.04,1
5,25,20,15,1.65,0
38,132,32,4,5.38,1
67,92,39,16,5.8,1
77,34,46,5,5.29,1
55,154,3,17,4.88,1
75,171,27,4,7.02,1
56,76,8,8,3.6,1
47,176,37,11,6.78,1
75,199,35,15,7.98,1
36,128,50,19,6.14,1
52,197,9,9,5.95,1
37,61,16,4,3.13,0
47,173,4,7,5.07,1
45,41,41,22,4.22,1
33,60,25,12,3.44,0
48,195,21,10,6.39,1
15,29,31,12,2.58,0
45,195,25,9,6.5,1
86,172,40,21,8.02,1
70,26,7,15,2.97,0
40,160,13,24,5.05,1
8,23,10,6,1.2,0
93,88,1,19,4.6,1
52,50,22,9,3.66,1
78,200,47,18,8.69,1
91,187,50,12,8.97,1
43,56,2,2,2.51,0
62,102,14,3,4.6,1
17,111,17,24,3.58,1
38,148,49,23,6.55,1
52,54,19,8,3.59,1
42,183,18,11,5.82,1
24,38,47,14,3.83,1
86,78,38,6,6.04,1
12,61,7,20,1.93,0
9,129,1,4,2.9,0
12,156,40,23,5.48,1
41,76,10,9,3.25,0
57,173,21,6,6.22,1
92,149,4,3,5.94,1
48,162,49,11,7.13,1
51,139,1,17,4.36,1
37,99,14,14,3.79,1
6,125,28,4,4.08,1
94,34,42,18,5.6,1
95,34,22,7,4.63,1
45,187,49,17,7.54,1
85,183,17,22,7.06,1
23,20,44,20,3.29,0
93,58,18,4,4.85,1
65,28,47,1,4.86,1
32,175,42,24,6.56,1
25,52,23,20,2.94,0
12,39,7,2,1.49,0
21,145,48,10,5.93,1
66,182,18,7,6.52,1
27,40,42,17,3.71,1
58,186,10,16,5.96,1
90,123,20,9,6.16,1
84,136,39,1,7.19,1
61,114,20,6,5.11,1
13,96,32,19,3.91,1
10,27,44,13,3.04,0
81,171,31,10,7.4,1
65,57,23,22,4.24,1
40,92,24,14,4.24,1
48,63,17,17,3.55,1
60,62,26,24,4.34,1
54,61,44,4,5.04,1
91,175,23,18,7.38,1
79,101,49,3,6.84,1
93,196,26,11,8.01,1
57,147,16,5,5.45,1
89,56,13,13,4.44,1
75,24,46,10,5.03,1
95,88,50,22,7.11,1
90,186,12,24,7.02,1
58,95,1,18,3.69,1
95,119,27,13,6.58,1
31,27,37,11,3.32,0
49,46,4,17,2.59,0
39,90,33,7,4.62,1
62,50,46,3,5.16,1
43,170,2,24,4.79,1
65,60,29,7,4.6,1
62,86,41,7,5.63,1
55,81,20,5,4.27,1
70,172,26,14,6.84,1
46,21,28,8,3.2,0
91,123,21,8,6.24,1
84,37,42,6,5.36,1
71,111,31,4,5.9,1
33,53,50,7,4.55,1
21,26,24,19,2.35,0
58,114,36,20,5.82,1
56,49,50,7,5.16,1
33,169,25,7,5.62,1
36,172,44,4,6.72,1
25,39,36,20,3.33,0
31,179,31,22,6.06,1
91,158,29,20,7.34,1
54,57,14,5,3.46,0
11,33,16,23,1.79,0
11,56,28,6,2.85,0
67,57,30,9,4.65,1
11,95,19,17,3.18,0
85,108,14,23,5.41,1
59,165,11,18,5.62,1
76,114,24,14,5.76,1
64,90,36,24,5.52,1
94,41,19,4,4.59,1
26,197,11,23,5.27,1
21,168,35,3,5.74,1
14,64,36,18,3.5,0
95,109,1,13,5.08,1
6,107,18,16,3.22,0
33,89,45,6,5.02,1
57,68,16,18,3.87,1
74,45,41,15,5.17,1
10,104,11,18,2.93,0
85,65,16,19,4.65,1
44,134,5,21,4.25,1
61,54,13,5,3.56,1
48,117,19,11,4.73,1
41,59,1,24,2.46,0
48,166,49,5,7.21,1
94,25,44,2,5.52,1
34,190,44,9,7.02,1
5,21,38,22,2.47,0
20,188,42,21,6.46,1
15,112,6,8,2.99,0
64,132,1,21,4.61,1
95,87,25,17,5.84,1
72,121,14,6,5.28,1
10,69,1,22,1.73,0
66,192,11,4,6.37,1
48,133,13,21,4.75,1
27,60,36,4,3.81,1
78,193,15,16,6.95,1
86,51,14,4,4.3,1
18,39,24,11,2.52,0
30,45,29,3,3.25,0
25,38,33,8,3.16,0
29,112,47,14,5.46,1
52,116,17,17,4.73,1
35,75,33,1,4.2,1
64,163,1,9,5.23,1
74,70,30,22,5.12,1
41,116,25,13,4.8,1
48,96,25,21,4.61,1
27,80,16,1,3.21,0
11,125,19,11,3.78,1
79,111,43,7,6.74,1
58,136,42,14,6.56,1
20,180,40,14,6.2,1
36,175,15,4,5.33,1
41,91,30,12,4.55,1
78,26,24,18,4.06,1
35,65,48,7,4.75,1
90,138,4,17,5.66,1
73,141,8,19,5.41,1
16,200,17,15,5.33,1
93,93,7,18,5.0,1
14,73,21,19,2.93,0
59,100,8,9,4.17,1
8,96,13,10,2.81,0
43,23,13,21,2.4,0
94,138,12,7,6.18,1
29,34,43,24,3.7,1
64,37,31,23,4.21,1
86,80,40,22,6.18,1
50,76,30,12,4.52,1
6,137,33,22,4.57,1
37,174,47,1,6.94,1
44,68,12,20,3.28,0
48,65,19,23,3.69,1
56,56,40,8,4.8,1
40,173,32,18,6.26,1
71,181,29,15,7.2,1
8,80,6,5,2.14,0
46,81,40,16,5.0,1
77,65,10,1,4.11,1
24,96,28,10,4.04,1
94,125,2,10,5.42,1
47,134,36,17,5.89,1
53,158,41,2,6.8,1
59,71,20,9,4.19,1
35,191,30,1,6.37,1
89,130,44,23,7.47,1
47,85,37,6,4.96,1
95,99,8,6,5.23,1
85,138,7,19,5.66,1
72,20,17,12,3.41,0
34,139,1,1,3.85,1
26,159,13,3,4.61,1
31,40,37,13,3.58,1
12,145,14,9,3.96,1
69,190,38,17,7.77,1
27,69,27,21,3.54,1
52,64,3,14,2.99,0
34,176,31,13,6.09,1
95,124,44,14,7.53,1
65,178,7,18,5.86,1
16,79,1,4,2.11,0
19,102,8,22,3.01,0
87,167,44,20,8.15,1
12,126,7,12,3.23,0
41,140,26,1,5.33,1
22,59,17,19,2.69,0
20,55,44,6,3.9,1
55,118,9,24,4.46,1
10,28,26,19,2.16,0
26,158,24,7,5.14,1
38,165,22,10,5.54,1
37,112,42,8,5.45,1
44,46,2,19,2.34,0
32,26,50,3,3.98,1
42,30,30,8,3.36,0
40,176,20,7,5.72,1
46,181,24,22,6.2,1
74,172,24,21,6.86,1
76,176,12,9,6.4,1
66,34,21,23,3.71,1
93,139,43,11,7.72,1
94,176,1,6,6.39,1
32,58,45,24,4.37,1
65,141,40,7,6.77,1
19,114,41,7,4.9,1
84,180,5,2,6.37,1
21,159,44,18,6.01,1
48,62,12,24,3.28,0
18,150,30,6,5.04,1
50,182,33,1,6.79,1
74,61,37,3,5.29,1
39,54,23,15,3.4,0
53,51,39,6,4.56,1
7,176,33,7,5.38,1
70,178,27,19,7.01,1
38,150,29,13,5.59,1
74,113,6,3,4.78,1
95,152,37,3,7.74,1
68,29,22,20,3.72,1
94,128,18,16,6.28,1
58,61,50,13,5.46,1
53,118,46,12,6.25,1
85,91,40,16,6.37,1
93,170,32,1,7.79,1
95,82,44,15,6.69,1
45,110,33,10,5.2,1
35,187,38,2,6.69,1
8,103,29,16,3.75,1
81,37,29,22,4.62,1
69,23,42,11,4.63,1
86,117,9,24,5.37,1
16,89,23,22,3.41,0
90,162,16,13,6.74,1
63,56,21,10,4.06,1
43,41,43,16,4.26,1
39,57,46,15,4.61,1
87,75,29,8,5.56,1
22,88,1,18,2.47,0
29,176,2,5,4.49,1
36,40,29,24,3.33,0
74,168,7,22,5.93,1
36,195,23,2,6.13,1
27,167,4,20,4.35,1
91,46,6,6,3.95,1
29,35,45,23,3.82,1
17,23,46,22,3.27,0
19,180,16,17,4.97,1
70,83,42,6,5.86,1
82,142,18,21,6.2,1
31,198,28,4,6.29,1
43,190,36,2,6.89,1
89,50,9,4,4.12,1
56,179,18,23,6.16,1
34,140,27,6,5.17,1
56,75,8,17,3.58,1
67,145,34,21,6.61,1
91,29,27,8,4.66,1
35,55,41,20,4.2,1
18,179,6,9,4.42,1
41,45,19,11,3.08,0
87,42,15,5,4.2,1
92,75,3,14,4.41,1
15,93,21,13,3.36,0
60,155,22,12,6.0,1
59,84,15,7,4.2,1
79,39,1,2,3.2,0
27,178,21,17,5.42,1
92,103,34,11,6.52,1
15,192,5,8,4.54,1
57,37,40,10,4.45,1
31,123,14,2,4.09,1
8,189,26,23,5.32,1
94,56,37,10,5.79,1
93,49,7,23,4.12,1
87,117,17,7,5.8,1
63,54,47,7,5.32,1
19,174,45,24,6.3,1
12,121,36,12,4.58,1
40,108,18,21,4.26,1
71,123,50,4,7.09,1
26,198,48,4,7.14,1
7,76,15,8,2.48,0
41,35,48,7,4.33,1
92,80,6,18,4.66,1
83,153,23,24,6.7,1
19,76,30,2,3.59,1
37,158,45,15,6.52,1
29,132,21,24,4.56,1
72,23,11,6,3.17,0
27,99,33,1,4.44,1
13,147,12,5,3.93,1
56,136,14,12,5.1,1
20,143,32,6,5.06,1
20,143,48,22,5.86,1
28,69,48,7,4.62,1
45,125,20,20,4.85,1
44,97,25,22,4.51,1
25,79,20,16,3.33,0
72,192,47,13,8.35,1
20,130,3,2,3.35,0
68,86,38,8,5.66,1
83,143,28,9,6.75,1
61,63,14,9,3.79,1
42,125,30,11,5.26,1
54,146,50,22,7.04,1
93,65,12,21,4.69,1
50,164,30,12,6.28,1
21,154,21,22,4.76,1
15,58,31,13,3.16,0
19,101,3,15,2.74,0
9,130,21,17,3.92,1
77,154,23,6,6.54,1
34,95,13,8,3.57,1
20,126,10,7,3.62,1
67,153,12,18,5.67,1
25,66,43,4,4.22,1
77,139,6,24,5.39,1
85,20,36,11,4.75,1
87,87,10,17,4.85,1
55,149,22,3,5.73,1
70,80,33,19,5.35,1
93,67,26,18,5.43,1
7,34,23,17,2.04,0
28,189,49,7,7.07,1
58,53,23,21,3.95,1
51,48,32,14,4.09,1
6,52,24,24,2.42,0
73,132,41,2,6.88,1
95,35,37,3,5.4,1
74,36,24,4,4.14,1
69,96,45,1,6.24,1
54,142,43,5,6.61,1
7,113,9,21,2.92,0
53,33,44,17,4.45,1
51,68,50,9,5.39,1
87,176,15,2,6.88,1
12,163,30,13,5.12,1
26,169,7,5,4.51,1
63,27,32,6,4.03,1
20,59,39,14,3.73,1
19,193,8,16,4.83,1
58,51,30,9,4.26,1
55,94,35,3,5.28,1
23,41,29,10,2.96,0
90,52,30,3,5.24,1
29,142,44,1,5.91,1
43,170,34,2,6.39,1
